Invoice ID,Branch,City,Customer type,Gender,Product line,Unit price,Quantity,Tax 5%,Total,Date,Time,Payment,cogs,gross margin percentage,gross income,Rating
INV-1001,C,Naypyitaw,Member,Male,Health and beauty,12.25,5,3.06,64.31,02/01/2019,12:08,Ewallet,61.25,4.7619,3.06,6.5
INV-1002,A,Yangon,Member,Female,Health and beauty,29.68,9,13.36,280.48,03/19/2019,09:35,Cash,267.12,4.7619,13.36,6.7
INV-1003,B,Mandalay,Normal,Male,Health and beauty,78.29,3,11.74,246.61,03/31/2019,15:21,Cash,234.87,4.7619,11.74,9.7
INV-1004,B,Mandalay,Normal,Male,Health and beauty,18.35,2,1.84,38.54,02/15/2019,14:38,Ewallet,36.7,4.7619,1.84,6.8
INV-1005,A,Yangon,Normal,Male,Sports and travel,17.09,5,4.27,89.72,03/22/2019,18:56,Ewallet,85.45,4.7619,4.27,4.4
INV-1006,C,Naypyitaw,Normal,Female,Electronic accessories,79.58,2,7.96,167.12,01/30/2019,10:24,Ewallet,159.16,4.7619,7.96,9.0
INV-1007,A,Yangon,Member,Male,Home and lifestyle,41.97,5,10.49,220.34,03/31/2019,19:41,Ewallet,209.85,4.7619,10.49,8.4
INV-1008,A,Yangon,Member,Male,Sports and travel,44.15,9,19.87,417.22,01/29/2019,19:20,Cash,397.35,4.7619,19.87,8.8
INV-1009,B,Mandalay,Normal,Female,Home and lifestyle,15.96,10,7.98,167.58,02/10/2019,12:41,Ewallet,159.6,4.7619,7.98,6.8
INV-1010,B,Mandalay,Normal,Female,Electronic accessories,32.2,9,14.49,304.29,03/10/2019,13:47,Credit card,289.8,4.7619,14.49,5.3
INV-1011,A,Yangon,Member,Female,Food and beverages,54.42,1,2.72,57.14,01/15/2019,11:40,Ewallet,54.42,4.7619,2.72,4.4
INV-1012,B,Mandalay,Member,Male,Food and beverages,99.65,9,44.84,941.69,02/02/2019,17:55,Ewallet,896.85,4.7619,44.84,9.3
INV-1013,B,Mandalay,Member,Female,Fashion accessories,40.62,5,10.16,213.26,02/25/2019,11:29,Ewallet,203.1,4.7619,10.16,8.6
INV-1014,C,Naypyitaw,Member,Male,Health and beauty,88.35,5,22.09,463.84,03/23/2019,17:38,Credit card,441.75,4.7619,22.09,8.6
INV-1015,C,Naypyitaw,Member,Female,Food and beverages,92.66,10,46.33,972.93,02/11/2019,16:01,Credit card,926.6,4.7619,46.33,5.4
INV-1016,A,Yangon,Member,Male,Food and beverages,95.23,2,9.52,199.98,03/04/2019,10:48,Ewallet,190.46,4.7619,9.52,6.9
INV-1017,C,Naypyitaw,Member,Female,Electronic accessories,33.86,10,16.93,355.53,02/24/2019,12:59,Credit card,338.6,4.7619,16.93,10.0
INV-1018,C,Naypyitaw,Member,Male,Home and lifestyle,49.43,9,22.24,467.11,02/27/2019,10:15,Credit card,444.87,4.7619,22.24,4.1
INV-1019,C,Naypyitaw,Member,Male,Electronic accessories,62.96,1,3.15,66.11,01/10/2019,20:40,Cash,62.96,4.7619,3.15,9.4
INV-1020,B,Mandalay,Member,Female,Health and beauty,56.27,5,14.07,295.42,03/27/2019,16:13,Cash,281.35,4.7619,14.07,8.7
INV-1021,B,Mandalay,Normal,Male,Electronic accessories,18.49,7,6.47,135.9,02/15/2019,15:26,Ewallet,129.43,4.7619,6.47,7.9
INV-1022,C,Naypyitaw,Member,Female,Health and beauty,15.46,6,4.64,97.4,01/14/2019,12:12,Cash,92.76,4.7619,4.64,6.5
INV-1023,B,Mandalay,Member,Male,Sports and travel,32.48,2,3.25,68.21,02/26/2019,21:55,Ewallet,64.96,4.7619,3.25,10.0
INV-1024,A,Yangon,Normal,Male,Health and beauty,93.37,4,18.67,392.15,01/22/2019,15:31,Credit card,373.48,4.7619,18.67,9.4
INV-1025,A,Yangon,Normal,Female,Sports and travel,10.19,7,3.57,74.9,02/03/2019,21:50,Credit card,71.33,4.7619,3.57,8.2
INV-1026,C,Naypyitaw,Member,Male,Food and beverages,69.57,8,27.83,584.39,01/20/2019,12:18,Ewallet,556.56,4.7619,27.83,8.4
INV-1027,A,Yangon,Member,Male,Fashion accessories,38.22,1,1.91,40.13,03/16/2019,16:32,Ewallet,38.22,4.7619,1.91,4.5
INV-1028,A,Yangon,Member,Male,Health and beauty,63.55,4,12.71,266.91,02/21/2019,10:56,Ewallet,254.2,4.7619,12.71,4.5
INV-1029,C,Naypyitaw,Normal,Male,Food and beverages,60.87,6,18.26,383.48,02/03/2019,12:42,Credit card,365.22,4.7619,18.26,6.4
INV-1030,C,Naypyitaw,Member,Male,Fashion accessories,37.0,6,11.1,233.1,01/10/2019,09:29,Ewallet,222.0,4.7619,11.1,5.3
INV-1031,B,Mandalay,Member,Female,Electronic accessories,93.99,2,9.4,197.38,02/01/2019,14:18,Ewallet,187.98,4.7619,9.4,8.2
INV-1032,C,Naypyitaw,Member,Female,Fashion accessories,57.6,9,25.92,544.32,02/08/2019,19:06,Cash,518.4,4.7619,25.92,9.3
INV-1033,C,Naypyitaw,Normal,Male,Food and beverages,23.99,5,6.0,125.95,03/19/2019,12:45,Ewallet,119.95,4.7619,6.0,7.8
INV-1034,B,Mandalay,Normal,Male,Food and beverages,53.97,1,2.7,56.67,01/12/2019,19:27,Cash,53.97,4.7619,2.7,6.0
INV-1035,A,Yangon,Normal,Male,Fashion accessories,98.18,3,14.73,309.27,02/26/2019,17:45,Cash,294.54,4.7619,14.73,4.5
INV-1036,C,Naypyitaw,Normal,Male,Electronic accessories,59.1,6,17.73,372.33,03/16/2019,17:09,Cash,354.6,4.7619,17.73,5.8
INV-1037,A,Yangon,Normal,Male,Home and lifestyle,28.91,4,5.78,121.42,03/27/2019,10:22,Cash,115.64,4.7619,5.78,9.2
INV-1038,A,Yangon,Member,Female,Sports and travel,12.23,6,3.67,77.05,02/22/2019,21:42,Cash,73.38,4.7619,3.67,8.7
INV-1039,A,Yangon,Normal,Female,Sports and travel,88.5,8,35.4,743.4,01/29/2019,12:52,Credit card,708.0,4.7619,35.4,8.9
INV-1040,A,Yangon,Member,Female,Electronic accessories,12.13,4,2.43,50.95,02/21/2019,14:17,Credit card,48.52,4.7619,2.43,7.8
INV-1041,B,Mandalay,Normal,Male,Fashion accessories,98.3,9,44.24,928.94,02/12/2019,09:07,Ewallet,884.7,4.7619,44.24,9.8
INV-1042,B,Mandalay,Normal,Female,Health and beauty,19.76,7,6.92,145.24,02/14/2019,20:50,Ewallet,138.32,4.7619,6.92,9.9
INV-1043,A,Yangon,Normal,Male,Sports and travel,90.96,4,18.19,382.03,02/02/2019,09:45,Ewallet,363.84,4.7619,18.19,9.6
INV-1044,C,Naypyitaw,Normal,Female,Fashion accessories,74.75,4,14.95,313.95,02/16/2019,15:04,Ewallet,299.0,4.7619,14.95,9.1
INV-1045,C,Naypyitaw,Normal,Male,Home and lifestyle,55.64,7,19.47,408.95,02/11/2019,15:44,Cash,389.48,4.7619,19.47,6.5
INV-1046,B,Mandalay,Normal,Male,Fashion accessories,77.33,3,11.6,243.59,03/20/2019,18:19,Credit card,231.99,4.7619,11.6,5.7
INV-1047,B,Mandalay,Member,Female,Food and beverages,64.6,6,19.38,406.98,03/01/2019,16:28,Ewallet,387.6,4.7619,19.38,5.0
INV-1048,A,Yangon,Member,Female,Home and lifestyle,56.39,10,28.2,592.1,02/12/2019,10:52,Cash,563.9,4.7619,28.2,8.8
INV-1049,A,Yangon,Normal,Female,Health and beauty,14.16,8,5.66,118.94,03/20/2019,21:04,Ewallet,113.28,4.7619,5.66,7.5
INV-1050,C,Naypyitaw,Member,Male,Fashion accessories,44.56,7,15.6,327.52,02/01/2019,11:41,Credit card,311.92,4.7619,15.6,5.3
INV-1051,C,Naypyitaw,Member,Female,Food and beverages,51.81,9,23.31,489.6,02/01/2019,10:29,Ewallet,466.29,4.7619,23.31,7.2
INV-1052,C,Naypyitaw,Normal,Female,Food and beverages,38.56,8,15.42,323.9,03/20/2019,20:57,Cash,308.48,4.7619,15.42,8.5
INV-1053,B,Mandalay,Normal,Male,Sports and travel,33.33,4,6.67,139.99,03/23/2019,13:49,Credit card,133.32,4.7619,6.67,6.6
INV-1054,C,Naypyitaw,Member,Male,Home and lifestyle,31.1,6,9.33,195.93,02/10/2019,17:05,Cash,186.6,4.7619,9.33,6.3
INV-1055,A,Yangon,Normal,Female,Fashion accessories,29.26,7,10.24,215.06,02/22/2019,14:34,Cash,204.82,4.7619,10.24,5.2
INV-1056,B,Mandalay,Normal,Female,Sports and travel,91.44,10,45.72,960.12,03/31/2019,09:54,Cash,914.4,4.7619,45.72,9.7
INV-1057,B,Mandalay,Member,Female,Sports and travel,86.81,7,30.38,638.05,03/10/2019,20:47,Cash,607.67,4.7619,30.38,5.6
INV-1058,B,Mandalay,Member,Male,Health and beauty,45.0,7,15.75,330.75,01/22/2019,16:58,Credit card,315.0,4.7619,15.75,7.6
INV-1059,C,Naypyitaw,Member,Female,Health and beauty,17.56,7,6.15,129.07,01/18/2019,16:11,Credit card,122.92,4.7619,6.15,6.0
INV-1060,B,Mandalay,Normal,Female,Home and lifestyle,40.38,7,14.13,296.79,02/05/2019,21:53,Cash,282.66,4.7619,14.13,6.8
INV-1061,C,Naypyitaw,Member,Male,Food and beverages,14.69,6,4.41,92.55,01/29/2019,19:04,Cash,88.14,4.7619,4.41,5.2
INV-1062,A,Yangon,Member,Female,Food and beverages,23.71,3,3.56,74.69,03/02/2019,19:07,Ewallet,71.13,4.7619,3.56,5.5
INV-1063,B,Mandalay,Member,Female,Electronic accessories,64.53,2,6.45,135.51,01/21/2019,13:06,Ewallet,129.06,4.7619,6.45,8.1
INV-1064,B,Mandalay,Member,Male,Sports and travel,94.73,4,18.95,397.87,01/10/2019,18:44,Ewallet,378.92,4.7619,18.95,8.6
INV-1065,C,Naypyitaw,Normal,Female,Food and beverages,82.5,10,41.25,866.25,01/06/2019,14:34,Cash,825.0,4.7619,41.25,7.0
INV-1066,B,Mandalay,Normal,Male,Health and beauty,86.46,8,34.58,726.26,01/14/2019,15:23,Credit card,691.68,4.7619,34.58,5.1
INV-1067,C,Naypyitaw,Normal,Female,Fashion accessories,34.31,9,15.44,324.23,03/03/2019,16:27,Cash,308.79,4.7619,15.44,9.0
INV-1068,A,Yangon,Normal,Female,Home and lifestyle,89.35,4,17.87,375.27,03/01/2019,18:39,Cash,357.4,4.7619,17.87,7.0
INV-1069,B,Mandalay,Normal,Male,Electronic accessories,53.88,6,16.16,339.44,02/03/2019,14:17,Ewallet,323.28,4.7619,16.16,9.7
INV-1070,A,Yangon,Normal,Female,Electronic accessories,74.81,8,29.92,628.4,03/13/2019,21:15,Credit card,598.48,4.7619,29.92,8.8
INV-1071,A,Yangon,Normal,Female,Home and lifestyle,29.94,4,5.99,125.75,02/09/2019,19:37,Ewallet,119.76,4.7619,5.99,7.2
INV-1072,B,Mandalay,Normal,Female,Fashion accessories,59.53,6,17.86,375.04,03/31/2019,16:17,Cash,357.18,4.7619,17.86,4.7
INV-1073,A,Yangon,Member,Female,Home and lifestyle,20.76,9,9.34,196.18,03/30/2019,11:12,Credit card,186.84,4.7619,9.34,8.3
INV-1074,C,Naypyitaw,Normal,Male,Food and beverages,35.47,2,3.55,74.49,01/25/2019,13:14,Credit card,70.94,4.7619,3.55,4.1
INV-1075,C,Naypyitaw,Member,Female,Electronic accessories,34.69,1,1.73,36.42,03/12/2019,13:44,Cash,34.69,4.7619,1.73,9.2
INV-1076,C,Naypyitaw,Normal,Female,Home and lifestyle,52.25,8,20.9,438.9,02/13/2019,11:03,Cash,418.0,4.7619,20.9,8.9
INV-1077,B,Mandalay,Normal,Male,Sports and travel,16.67,1,0.83,17.5,01/20/2019,11:51,Cash,16.67,4.7619,0.83,4.7
INV-1078,B,Mandalay,Normal,Female,Food and beverages,63.65,10,31.83,668.33,01/29/2019,21:33,Credit card,636.5,4.7619,31.83,5.8
INV-1079,C,Naypyitaw,Member,Male,Sports and travel,37.48,10,18.74,393.54,01/08/2019,18:47,Ewallet,374.8,4.7619,18.74,5.3
INV-1080,C,Naypyitaw,Member,Female,Health and beauty,24.14,3,3.62,76.04,03/12/2019,10:10,Credit card,72.42,4.7619,3.62,8.1
INV-1081,B,Mandalay,Normal,Male,Home and lifestyle,12.94,5,3.24,67.94,02/06/2019,20:55,Ewallet,64.7,4.7619,3.24,5.4
INV-1082,B,Mandalay,Member,Male,Fashion accessories,63.08,4,12.62,264.94,02/24/2019,10:34,Credit card,252.32,4.7619,12.62,9.0
INV-1083,A,Yangon,Normal,Female,Health and beauty,24.93,5,6.23,130.88,03/18/2019,20:52,Cash,124.65,4.7619,6.23,6.8
INV-1084,B,Mandalay,Normal,Male,Fashion accessories,46.23,5,11.56,242.71,03/06/2019,17:31,Ewallet,231.15,4.7619,11.56,4.2
INV-1085,B,Mandalay,Member,Female,Fashion accessories,39.01,5,9.75,204.8,01/04/2019,10:14,Ewallet,195.05,4.7619,9.75,4.2
INV-1086,A,Yangon,Normal,Female,Sports and travel,56.71,8,22.68,476.36,02/05/2019,11:37,Cash,453.68,4.7619,22.68,6.8
INV-1087,B,Mandalay,Normal,Female,Home and lifestyle,38.9,2,3.89,81.69,01/21/2019,14:26,Ewallet,77.8,4.7619,3.89,9.7
INV-1088,C,Naypyitaw,Normal,Male,Health and beauty,50.93,6,15.28,320.86,02/02/2019,14:07,Ewallet,305.58,4.7619,15.28,9.2
INV-1089,B,Mandalay,Normal,Female,Sports and travel,14.88,9,6.7,140.62,02/16/2019,18:48,Cash,133.92,4.7619,6.7,5.2
INV-1090,C,Naypyitaw,Member,Male,Electronic accessories,93.49,8,37.4,785.32,03/31/2019,16:07,Ewallet,747.92,4.7619,37.4,5.0
INV-1091,C,Naypyitaw,Member,Male,Health and beauty,59.7,2,5.97,125.37,01/29/2019,10:29,Credit card,119.4,4.7619,5.97,9.6
INV-1092,B,Mandalay,Normal,Male,Food and beverages,73.49,7,25.72,540.15,03/03/2019,16:15,Credit card,514.43,4.7619,25.72,5.1
INV-1093,C,Naypyitaw,Normal,Female,Food and beverages,77.17,3,11.58,243.09,01/09/2019,13:49,Ewallet,231.51,4.7619,11.58,5.6
INV-1094,A,Yangon,Member,Female,Home and lifestyle,75.34,10,37.67,791.07,03/16/2019,19:31,Ewallet,753.4,4.7619,37.67,6.9
INV-1095,B,Mandalay,Member,Male,Food and beverages,78.66,7,27.53,578.15,02/28/2019,14:55,Ewallet,550.62,4.7619,27.53,6.3
INV-1096,B,Mandalay,Member,Female,Health and beauty,38.64,8,15.46,324.58,02/18/2019,15:42,Cash,309.12,4.7619,15.46,4.8
INV-1097,C,Naypyitaw,Normal,Male,Home and lifestyle,88.27,8,35.31,741.47,01/13/2019,17:58,Ewallet,706.16,4.7619,35.31,4.9
INV-1098,C,Naypyitaw,Normal,Male,Electronic accessories,16.73,5,4.18,87.83,02/13/2019,18:44,Credit card,83.65,4.7619,4.18,9.1
INV-1099,C,Naypyitaw,Member,Male,Sports and travel,95.87,8,38.35,805.31,03/11/2019,09:39,Ewallet,766.96,4.7619,38.35,8.1
INV-1100,B,Mandalay,Member,Female,Electronic accessories,77.21,7,27.02,567.49,01/13/2019,21:40,Cash,540.47,4.7619,27.02,8.2
INV-1101,A,Yangon,Normal,Male,Health and beauty,39.19,1,1.96,41.15,02/07/2019,14:23,Cash,39.19,4.7619,1.96,7.2
INV-1102,C,Naypyitaw,Normal,Male,Fashion accessories,81.33,3,12.2,256.19,01/23/2019,10:39,Credit card,243.99,4.7619,12.2,9.5
INV-1103,A,Yangon,Member,Female,Electronic accessories,51.5,5,12.88,270.38,02/28/2019,13:42,Credit card,257.5,4.7619,12.88,8.1
INV-1104,A,Yangon,Normal,Female,Health and beauty,49.76,6,14.93,313.49,03/17/2019,13:40,Credit card,298.56,4.7619,14.93,9.1
INV-1105,A,Yangon,Normal,Female,Sports and travel,86.8,2,8.68,182.28,01/31/2019,15:36,Ewallet,173.6,4.7619,8.68,5.8
INV-1106,C,Naypyitaw,Member,Female,Sports and travel,34.7,10,17.35,364.35,03/29/2019,21:47,Credit card,347.0,4.7619,17.35,8.7
INV-1107,A,Yangon,Normal,Male,Food and beverages,82.17,4,16.43,345.11,03/23/2019,12:39,Ewallet,328.68,4.7619,16.43,4.6
INV-1108,C,Naypyitaw,Member,Male,Fashion accessories,13.55,8,5.42,113.82,01/05/2019,18:23,Credit card,108.4,4.7619,5.42,6.0
INV-1109,B,Mandalay,Normal,Male,Electronic accessories,28.07,9,12.63,265.26,02/16/2019,17:32,Credit card,252.63,4.7619,12.63,9.5
INV-1110,B,Mandalay,Member,Male,Home and lifestyle,77.19,6,23.16,486.3,01/15/2019,16:04,Ewallet,463.14,4.7619,23.16,8.3
INV-1111,B,Mandalay,Member,Female,Food and beverages,42.92,7,15.02,315.46,01/02/2019,13:34,Credit card,300.44,4.7619,15.02,8.0
INV-1112,C,Naypyitaw,Normal,Male,Home and lifestyle,62.61,6,18.78,394.44,01/14/2019,19:14,Ewallet,375.66,4.7619,18.78,9.3
INV-1113,C,Naypyitaw,Normal,Female,Home and lifestyle,92.37,4,18.47,387.95,03/24/2019,10:40,Ewallet,369.48,4.7619,18.47,6.4
INV-1114,A,Yangon,Member,Male,Health and beauty,95.16,5,23.79,499.59,03/05/2019,10:06,Credit card,475.8,4.7619,23.79,6.7
INV-1115,C,Naypyitaw,Member,Female,Fashion accessories,72.68,9,32.71,686.83,02/23/2019,18:47,Ewallet,654.12,4.7619,32.71,4.6
INV-1116,B,Mandalay,Member,Female,Food and beverages,46.73,5,11.68,245.33,01/05/2019,20:23,Credit card,233.65,4.7619,11.68,9.7
INV-1117,B,Mandalay,Member,Female,Health and beauty,98.28,6,29.48,619.16,03/11/2019,19:22,Credit card,589.68,4.7619,29.48,5.1
INV-1118,A,Yangon,Member,Male,Sports and travel,18.25,4,3.65,76.65,03/24/2019,19:38,Credit card,73.0,4.7619,3.65,5.5
INV-1119,A,Yangon,Member,Female,Food and beverages,28.47,9,12.81,269.04,01/27/2019,18:13,Cash,256.23,4.7619,12.81,8.7
INV-1120,C,Naypyitaw,Member,Male,Health and beauty,34.95,3,5.24,110.09,01/17/2019,17:16,Ewallet,104.85,4.7619,5.24,9.2
INV-1121,A,Yangon,Member,Female,Health and beauty,42.24,4,8.45,177.41,03/17/2019,14:01,Cash,168.96,4.7619,8.45,4.8
INV-1122,B,Mandalay,Normal,Male,Food and beverages,20.23,2,2.02,42.48,03/02/2019,16:49,Credit card,40.46,4.7619,2.02,7.0
INV-1123,C,Naypyitaw,Member,Male,Health and beauty,75.45,9,33.95,713.0,02/08/2019,16:41,Credit card,679.05,4.7619,33.95,9.1
INV-1124,B,Mandalay,Member,Male,Fashion accessories,19.72,8,7.89,165.65,01/10/2019,10:20,Cash,157.76,4.7619,7.89,5.7
INV-1125,C,Naypyitaw,Normal,Female,Food and beverages,59.35,6,17.81,373.91,02/18/2019,18:33,Ewallet,356.1,4.7619,17.81,7.6
INV-1126,A,Yangon,Member,Female,Fashion accessories,20.3,9,9.13,191.83,01/28/2019,15:28,Credit card,182.7,4.7619,9.13,9.0
INV-1127,B,Mandalay,Normal,Female,Sports and travel,75.67,6,22.7,476.72,02/24/2019,14:42,Cash,454.02,4.7619,22.7,8.1
INV-1128,B,Mandalay,Normal,Male,Health and beauty,18.21,2,1.82,38.24,01/12/2019,15:06,Ewallet,36.42,4.7619,1.82,4.4
INV-1129,C,Naypyitaw,Normal,Male,Food and beverages,39.67,2,3.97,83.31,02/22/2019,14:55,Credit card,79.34,4.7619,3.97,7.6
INV-1130,B,Mandalay,Member,Male,Health and beauty,62.01,4,12.4,260.44,01/20/2019,19:30,Credit card,248.04,4.7619,12.4,9.1
INV-1131,B,Mandalay,Member,Female,Health and beauty,78.63,10,39.31,825.61,01/29/2019,21:27,Cash,786.3,4.7619,39.31,5.1
INV-1132,C,Naypyitaw,Member,Female,Home and lifestyle,92.94,6,27.88,585.52,01/01/2019,11:55,Cash,557.64,4.7619,27.88,4.9
INV-1133,C,Naypyitaw,Normal,Female,Health and beauty,18.26,9,8.22,172.56,01/28/2019,15:26,Cash,164.34,4.7619,8.22,6.2
INV-1134,C,Naypyitaw,Member,Male,Home and lifestyle,79.92,10,39.96,839.16,03/18/2019,10:56,Cash,799.2,4.7619,39.96,8.5
INV-1135,A,Yangon,Normal,Female,Fashion accessories,17.34,8,6.94,145.66,03/26/2019,15:31,Credit card,138.72,4.7619,6.94,5.3
INV-1136,C,Naypyitaw,Normal,Female,Health and beauty,41.07,2,4.11,86.25,02/06/2019,19:43,Cash,82.14,4.7619,4.11,5.3
INV-1137,C,Naypyitaw,Normal,Female,Health and beauty,10.69,5,2.67,56.12,01/28/2019,21:08,Credit card,53.45,4.7619,2.67,4.7
INV-1138,B,Mandalay,Member,Female,Fashion accessories,48.76,3,7.31,153.59,02/18/2019,17:45,Cash,146.28,4.7619,7.31,6.4
INV-1139,C,Naypyitaw,Normal,Female,Health and beauty,49.26,8,19.7,413.78,01/10/2019,14:36,Ewallet,394.08,4.7619,19.7,7.8
INV-1140,B,Mandalay,Normal,Female,Health and beauty,46.45,6,13.94,292.64,01/22/2019,21:39,Cash,278.7,4.7619,13.94,6.6
INV-1141,A,Yangon,Normal,Female,Electronic accessories,49.21,7,17.22,361.69,03/09/2019,10:25,Cash,344.47,4.7619,17.22,6.0
INV-1142,A,Yangon,Normal,Female,Health and beauty,55.94,2,5.59,117.47,03/09/2019,17:12,Ewallet,111.88,4.7619,5.59,9.7
INV-1143,C,Naypyitaw,Member,Male,Electronic accessories,31.26,3,4.69,98.47,02/02/2019,12:11,Cash,93.78,4.7619,4.69,9.7
INV-1144,C,Naypyitaw,Normal,Female,Sports and travel,51.76,10,25.88,543.48,03/16/2019,16:43,Cash,517.6,4.7619,25.88,6.6
INV-1145,B,Mandalay,Member,Female,Sports and travel,66.82,5,16.71,350.81,03/17/2019,09:22,Credit card,334.1,4.7619,16.71,6.7
INV-1146,A,Yangon,Normal,Female,Home and lifestyle,84.85,2,8.48,178.18,03/24/2019,10:39,Ewallet,169.7,4.7619,8.48,7.3
INV-1147,C,Naypyitaw,Normal,Male,Health and beauty,50.48,10,25.24,530.04,03/25/2019,12:20,Cash,504.8,4.7619,25.24,6.7
INV-1148,B,Mandalay,Normal,Female,Fashion accessories,17.59,3,2.64,55.41,01/06/2019,12:45,Ewallet,52.77,4.7619,2.64,7.1
INV-1149,A,Yangon,Normal,Male,Home and lifestyle,43.56,5,10.89,228.69,02/19/2019,15:49,Ewallet,217.8,4.7619,10.89,7.9
INV-1150,A,Yangon,Member,Female,Home and lifestyle,18.51,7,6.48,136.05,02/06/2019,13:46,Cash,129.57,4.7619,6.48,7.5
INV-1151,A,Yangon,Member,Female,Home and lifestyle,37.92,7,13.27,278.71,01/17/2019,18:45,Ewallet,265.44,4.7619,13.27,6.3
INV-1152,B,Mandalay,Normal,Female,Electronic accessories,70.31,9,31.64,664.43,01/12/2019,19:42,Cash,632.79,4.7619,31.64,6.2
INV-1153,A,Yangon,Member,Male,Electronic accessories,40.76,8,16.3,342.38,01/25/2019,12:08,Credit card,326.08,4.7619,16.3,9.1
INV-1154,A,Yangon,Member,Female,Food and beverages,79.38,9,35.72,750.14,01/05/2019,19:21,Cash,714.42,4.7619,35.72,5.0
INV-1155,C,Naypyitaw,Normal,Male,Food and beverages,82.81,3,12.42,260.85,02/26/2019,09:26,Credit card,248.43,4.7619,12.42,7.7
INV-1156,C,Naypyitaw,Normal,Male,Sports and travel,31.06,4,6.21,130.45,02/09/2019,21:50,Credit card,124.24,4.7619,6.21,8.1
INV-1157,C,Naypyitaw,Normal,Male,Sports and travel,51.55,5,12.89,270.64,02/18/2019,17:33,Cash,257.75,4.7619,12.89,8.8
INV-1158,A,Yangon,Member,Male,Home and lifestyle,14.7,8,5.88,123.48,02/17/2019,17:59,Credit card,117.6,4.7619,5.88,4.5
INV-1159,A,Yangon,Member,Female,Home and lifestyle,50.44,9,22.7,476.66,01/19/2019,15:05,Credit card,453.96,4.7619,22.7,9.6
INV-1160,B,Mandalay,Normal,Male,Health and beauty,45.68,6,13.7,287.78,01/31/2019,15:05,Cash,274.08,4.7619,13.7,5.9
INV-1161,A,Yangon,Normal,Male,Fashion accessories,68.5,3,10.28,215.78,01/18/2019,09:18,Ewallet,205.5,4.7619,10.28,6.8
INV-1162,C,Naypyitaw,Member,Female,Health and beauty,91.53,1,4.58,96.11,02/02/2019,12:53,Cash,91.53,4.7619,4.58,8.7
INV-1163,A,Yangon,Normal,Male,Home and lifestyle,20.97,4,4.19,88.07,02/23/2019,19:50,Cash,83.88,4.7619,4.19,9.0
INV-1164,B,Mandalay,Member,Female,Food and beverages,58.24,9,26.21,550.37,03/15/2019,12:45,Credit card,524.16,4.7619,26.21,4.0
INV-1165,B,Mandalay,Normal,Male,Electronic accessories,61.36,3,9.2,193.28,03/27/2019,19:05,Ewallet,184.08,4.7619,9.2,7.3
INV-1166,C,Naypyitaw,Normal,Female,Food and beverages,11.83,8,4.73,99.37,01/06/2019,19:24,Ewallet,94.64,4.7619,4.73,4.1
INV-1167,A,Yangon,Normal,Male,Home and lifestyle,31.7,2,3.17,66.57,03/16/2019,20:48,Cash,63.4,4.7619,3.17,6.1
INV-1168,B,Mandalay,Member,Male,Fashion accessories,25.76,8,10.3,216.38,03/31/2019,16:40,Cash,206.08,4.7619,10.3,8.3
INV-1169,B,Mandalay,Normal,Female,Health and beauty,36.41,1,1.82,38.23,01/26/2019,09:20,Ewallet,36.41,4.7619,1.82,6.8
INV-1170,A,Yangon,Normal,Male,Fashion accessories,27.2,6,8.16,171.36,01/07/2019,19:21,Credit card,163.2,4.7619,8.16,6.6
INV-1171,B,Mandalay,Normal,Female,Fashion accessories,49.58,7,17.35,364.41,02/13/2019,11:31,Ewallet,347.06,4.7619,17.35,5.6
INV-1172,A,Yangon,Normal,Female,Fashion accessories,48.2,7,16.87,354.27,03/19/2019,11:34,Cash,337.4,4.7619,16.87,4.5
INV-1173,C,Naypyitaw,Normal,Female,Home and lifestyle,37.58,10,18.79,394.59,02/24/2019,11:44,Credit card,375.8,4.7619,18.79,4.3
INV-1174,B,Mandalay,Member,Female,Food and beverages,99.83,5,24.96,524.11,03/23/2019,21:03,Credit card,499.15,4.7619,24.96,7.1
INV-1175,C,Naypyitaw,Normal,Male,Fashion accessories,24.4,1,1.22,25.62,01/19/2019,18:43,Cash,24.4,4.7619,1.22,4.4
INV-1176,C,Naypyitaw,Normal,Female,Home and lifestyle,42.59,10,21.3,447.2,01/05/2019,18:09,Credit card,425.9,4.7619,21.3,6.7
INV-1177,A,Yangon,Normal,Male,Food and beverages,22.39,6,6.72,141.06,02/20/2019,14:41,Cash,134.34,4.7619,6.72,4.2
INV-1178,A,Yangon,Normal,Female,Sports and travel,56.6,9,25.47,534.87,01/16/2019,13:49,Cash,509.4,4.7619,25.47,10.0
INV-1179,B,Mandalay,Member,Female,Fashion accessories,92.48,8,36.99,776.83,01/26/2019,10:08,Cash,739.84,4.7619,36.99,9.4
INV-1180,B,Mandalay,Member,Female,Health and beauty,82.95,6,24.89,522.59,03/27/2019,14:45,Credit card,497.7,4.7619,24.89,9.1
INV-1181,C,Naypyitaw,Member,Male,Fashion accessories,93.46,3,14.02,294.4,02/16/2019,17:14,Cash,280.38,4.7619,14.02,5.4
INV-1182,B,Mandalay,Member,Male,Health and beauty,42.48,10,21.24,446.04,02/17/2019,16:51,Cash,424.8,4.7619,21.24,5.9
INV-1183,C,Naypyitaw,Member,Female,Fashion accessories,53.08,7,18.58,390.14,02/22/2019,18:04,Ewallet,371.56,4.7619,18.58,4.4
INV-1184,B,Mandalay,Member,Male,Fashion accessories,56.56,3,8.48,178.16,03/12/2019,19:37,Credit card,169.68,4.7619,8.48,7.0
INV-1185,A,Yangon,Member,Female,Health and beauty,56.63,5,14.16,297.31,01/22/2019,11:20,Ewallet,283.15,4.7619,14.16,9.4
INV-1186,A,Yangon,Normal,Male,Home and lifestyle,27.67,9,12.45,261.48,02/05/2019,11:40,Ewallet,249.03,4.7619,12.45,7.8
INV-1187,C,Naypyitaw,Member,Male,Food and beverages,23.88,10,11.94,250.74,03/19/2019,14:53,Cash,238.8,4.7619,11.94,4.3
INV-1188,C,Naypyitaw,Member,Female,Food and beverages,33.82,4,6.76,142.04,03/15/2019,15:39,Ewallet,135.28,4.7619,6.76,7.3
INV-1189,C,Naypyitaw,Member,Male,Home and lifestyle,53.47,7,18.71,393.0,02/08/2019,16:04,Credit card,374.29,4.7619,18.71,6.5
INV-1190,B,Mandalay,Normal,Female,Electronic accessories,40.62,3,6.09,127.95,02/10/2019,20:20,Cash,121.86,4.7619,6.09,8.6
INV-1191,C,Naypyitaw,Normal,Male,Food and beverages,19.56,4,3.91,82.15,03/01/2019,10:17,Cash,78.24,4.7619,3.91,4.6
INV-1192,B,Mandalay,Normal,Female,Sports and travel,87.77,7,30.72,645.11,02/01/2019,11:52,Cash,614.39,4.7619,30.72,8.6
INV-1193,B,Mandalay,Normal,Female,Food and beverages,52.01,5,13.0,273.05,03/05/2019,09:05,Cash,260.05,4.7619,13.0,5.3
INV-1194,B,Mandalay,Normal,Female,Health and beauty,14.55,8,5.82,122.22,03/18/2019,19:43,Ewallet,116.4,4.7619,5.82,4.0
INV-1195,A,Yangon,Normal,Male,Sports and travel,22.05,5,5.51,115.76,02/16/2019,21:25,Credit card,110.25,4.7619,5.51,4.3
INV-1196,C,Naypyitaw,Normal,Female,Electronic accessories,42.63,5,10.66,223.81,01/10/2019,15:32,Ewallet,213.15,4.7619,10.66,8.1
INV-1197,A,Yangon,Normal,Male,Electronic accessories,97.76,7,34.22,718.54,02/17/2019,21:21,Cash,684.32,4.7619,34.22,7.6
INV-1198,B,Mandalay,Normal,Female,Food and beverages,13.62,1,0.68,14.3,01/18/2019,20:21,Cash,13.62,4.7619,0.68,7.6
INV-1199,C,Naypyitaw,Normal,Female,Electronic accessories,39.52,10,19.76,414.96,02/10/2019,11:25,Ewallet,395.2,4.7619,19.76,9.0
INV-1200,C,Naypyitaw,Normal,Male,Sports and travel,73.79,5,18.45,387.4,03/02/2019,09:23,Credit card,368.95,4.7619,18.45,7.5
INV-1201,C,Naypyitaw,Member,Male,Fashion accessories,66.63,10,33.31,699.61,03/02/2019,13:41,Ewallet,666.3,4.7619,33.31,6.9
INV-1202,C,Naypyitaw,Member,Male,Fashion accessories,74.91,7,26.22,550.59,01/19/2019,19:15,Cash,524.37,4.7619,26.22,4.1
INV-1203,B,Mandalay,Normal,Male,Sports and travel,23.63,4,4.73,99.25,02/22/2019,17:49,Ewallet,94.52,4.7619,4.73,4.8
INV-1204,A,Yangon,Member,Female,Food and beverages,39.25,8,15.7,329.7,03/09/2019,15:20,Ewallet,314.0,4.7619,15.7,6.1
INV-1205,B,Mandalay,Member,Female,Fashion accessories,79.48,5,19.87,417.27,03/20/2019,16:12,Ewallet,397.4,4.7619,19.87,5.8
INV-1206,B,Mandalay,Normal,Female,Home and lifestyle,73.44,8,29.38,616.9,02/10/2019,16:22,Cash,587.52,4.7619,29.38,7.4
INV-1207,C,Naypyitaw,Member,Female,Sports and travel,90.62,7,31.72,666.06,02/14/2019,21:51,Cash,634.34,4.7619,31.72,5.7
INV-1208,C,Naypyitaw,Normal,Male,Health and beauty,41.17,8,16.47,345.83,03/25/2019,13:47,Cash,329.36,4.7619,16.47,9.0
INV-1209,B,Mandalay,Member,Male,Food and beverages,72.66,3,10.9,228.88,01/14/2019,18:47,Cash,217.98,4.7619,10.9,8.0
INV-1210,C,Naypyitaw,Normal,Male,Electronic accessories,67.42,1,3.37,70.79,01/13/2019,15:21,Ewallet,67.42,4.7619,3.37,8.6
INV-1211,A,Yangon,Normal,Female,Food and beverages,98.01,3,14.7,308.73,02/22/2019,19:59,Ewallet,294.03,4.7619,14.7,5.2
INV-1212,B,Mandalay,Member,Male,Home and lifestyle,35.69,1,1.78,37.47,01/12/2019,19:36,Cash,35.69,4.7619,1.78,6.5
INV-1213,A,Yangon,Normal,Male,Health and beauty,99.75,7,34.91,733.16,03/05/2019,11:59,Cash,698.25,4.7619,34.91,5.8
INV-1214,C,Naypyitaw,Normal,Male,Health and beauty,93.56,6,28.07,589.43,02/06/2019,16:41,Ewallet,561.36,4.7619,28.07,6.8
INV-1215,A,Yangon,Member,Male,Health and beauty,39.76,8,15.9,333.98,03/24/2019,13:45,Ewallet,318.08,4.7619,15.9,6.0
INV-1216,B,Mandalay,Normal,Female,Food and beverages,70.7,4,14.14,296.94,01/23/2019,18:54,Ewallet,282.8,4.7619,14.14,6.0
INV-1217,B,Mandalay,Member,Male,Fashion accessories,18.58,3,2.79,58.53,03/03/2019,14:59,Credit card,55.74,4.7619,2.79,6.3
INV-1218,B,Mandalay,Member,Female,Home and lifestyle,95.86,5,23.97,503.27,03/16/2019,20:36,Ewallet,479.3,4.7619,23.97,6.2
INV-1219,A,Yangon,Normal,Male,Health and beauty,70.1,8,28.04,588.84,02/09/2019,11:25,Ewallet,560.8,4.7619,28.04,9.5
INV-1220,B,Mandalay,Normal,Female,Home and lifestyle,65.32,4,13.06,274.34,01/18/2019,16:09,Credit card,261.28,4.7619,13.06,8.2
INV-1221,B,Mandalay,Member,Female,Food and beverages,82.18,4,16.44,345.16,02/01/2019,19:48,Ewallet,328.72,4.7619,16.44,8.2
INV-1222,A,Yangon,Member,Male,Food and beverages,20.1,9,9.04,189.94,03/06/2019,12:36,Credit card,180.9,4.7619,9.04,9.1
INV-1223,B,Mandalay,Normal,Male,Health and beauty,71.23,10,35.62,747.92,03/04/2019,10:57,Credit card,712.3,4.7619,35.62,4.8
INV-1224,B,Mandalay,Normal,Male,Sports and travel,60.75,9,27.34,574.09,03/01/2019,19:51,Credit card,546.75,4.7619,27.34,5.5
INV-1225,A,Yangon,Member,Male,Fashion accessories,29.61,2,2.96,62.18,01/06/2019,15:22,Cash,59.22,4.7619,2.96,9.9
INV-1226,B,Mandalay,Normal,Female,Health and beauty,35.84,3,5.38,112.9,01/18/2019,21:41,Credit card,107.52,4.7619,5.38,6.7
INV-1227,B,Mandalay,Normal,Male,Sports and travel,17.22,9,7.75,162.73,01/18/2019,19:55,Cash,154.98,4.7619,7.75,10.0
INV-1228,B,Mandalay,Normal,Female,Food and beverages,21.46,4,4.29,90.13,01/01/2019,21:01,Ewallet,85.84,4.7619,4.29,8.3
INV-1229,B,Mandalay,Member,Female,Food and beverages,44.13,4,8.83,185.35,02/01/2019,16:22,Cash,176.52,4.7619,8.83,9.6
INV-1230,C,Naypyitaw,Member,Male,Health and beauty,12.9,7,4.51,94.81,03/20/2019,21:59,Cash,90.3,4.7619,4.51,4.4
INV-1231,C,Naypyitaw,Normal,Female,Health and beauty,50.18,1,2.51,52.69,02/01/2019,20:02,Cash,50.18,4.7619,2.51,7.2
INV-1232,A,Yangon,Normal,Female,Electronic accessories,55.35,5,13.84,290.59,01/30/2019,20:36,Cash,276.75,4.7619,13.84,5.8
INV-1233,A,Yangon,Member,Female,Fashion accessories,56.91,7,19.92,418.29,02/08/2019,13:03,Ewallet,398.37,4.7619,19.92,7.0
INV-1234,B,Mandalay,Normal,Male,Fashion accessories,70.42,9,31.69,665.47,02/10/2019,20:26,Credit card,633.78,4.7619,31.69,6.3
INV-1235,C,Naypyitaw,Normal,Male,Sports and travel,31.69,4,6.34,133.1,02/08/2019,20:09,Ewallet,126.76,4.7619,6.34,6.5
INV-1236,B,Mandalay,Normal,Male,Food and beverages,57.7,7,20.2,424.1,02/01/2019,13:13,Credit card,403.9,4.7619,20.2,9.1
INV-1237,A,Yangon,Member,Male,Food and beverages,75.21,4,15.04,315.88,01/07/2019,13:24,Cash,300.84,4.7619,15.04,8.8
INV-1238,C,Naypyitaw,Normal,Female,Fashion accessories,70.43,4,14.09,295.81,03/03/2019,12:55,Cash,281.72,4.7619,14.09,5.3
INV-1239,A,Yangon,Member,Female,Fashion accessories,20.56,8,8.22,172.7,02/01/2019,20:38,Cash,164.48,4.7619,8.22,7.3
INV-1240,B,Mandalay,Normal,Female,Sports and travel,51.96,6,15.59,327.35,02/09/2019,13:23,Cash,311.76,4.7619,15.59,8.8
INV-1241,C,Naypyitaw,Normal,Male,Sports and travel,78.55,6,23.57,494.87,01/27/2019,14:20,Ewallet,471.3,4.7619,23.57,9.2
INV-1242,C,Naypyitaw,Normal,Female,Electronic accessories,11.46,9,5.16,108.3,03/16/2019,18:46,Cash,103.14,4.7619,5.16,5.2
INV-1243,A,Yangon,Normal,Female,Sports and travel,61.28,4,12.26,257.38,03/05/2019,17:41,Credit card,245.12,4.7619,12.26,9.8
INV-1244,C,Naypyitaw,Normal,Male,Fashion accessories,54.15,3,8.12,170.57,02/15/2019,11:08,Ewallet,162.45,4.7619,8.12,9.9
INV-1245,A,Yangon,Member,Female,Food and beverages,13.04,2,1.3,27.38,03/27/2019,09:48,Cash,26.08,4.7619,1.3,9.1
INV-1246,A,Yangon,Normal,Male,Health and beauty,73.65,1,3.68,77.33,01/28/2019,17:29,Ewallet,73.65,4.7619,3.68,7.8
INV-1247,C,Naypyitaw,Normal,Male,Sports and travel,69.34,1,3.47,72.81,01/01/2019,17:35,Cash,69.34,4.7619,3.47,7.2
INV-1248,B,Mandalay,Normal,Male,Food and beverages,97.97,1,4.9,102.87,03/06/2019,20:43,Cash,97.97,4.7619,4.9,9.5
INV-1249,C,Naypyitaw,Normal,Female,Electronic accessories,31.69,10,15.84,332.74,03/09/2019,13:52,Credit card,316.9,4.7619,15.84,4.5
INV-1250,B,Mandalay,Member,Male,Sports and travel,60.85,4,12.17,255.57,02/08/2019,19:52,Cash,243.4,4.7619,12.17,6.4
INV-1251,B,Mandalay,Normal,Female,Food and beverages,52.84,1,2.64,55.48,03/31/2019,11:05,Ewallet,52.84,4.7619,2.64,8.7
INV-1252,C,Naypyitaw,Normal,Female,Health and beauty,90.53,1,4.53,95.06,01/30/2019,12:57,Cash,90.53,4.7619,4.53,9.5
INV-1253,C,Naypyitaw,Normal,Male,Home and lifestyle,90.94,10,45.47,954.87,03/26/2019,09:11,Cash,909.4,4.7619,45.47,7.5
INV-1254,C,Naypyitaw,Normal,Female,Sports and travel,93.6,5,23.4,491.4,01/21/2019,18:15,Credit card,468.0,4.7619,23.4,8.5
INV-1255,A,Yangon,Normal,Male,Fashion accessories,75.17,9,33.83,710.36,02/14/2019,09:06,Cash,676.53,4.7619,33.83,6.0
INV-1256,C,Naypyitaw,Normal,Female,Food and beverages,45.7,6,13.71,287.91,01/04/2019,19:17,Cash,274.2,4.7619,13.71,6.1
INV-1257,B,Mandalay,Normal,Male,Sports and travel,26.72,10,13.36,280.56,03/26/2019,15:05,Ewallet,267.2,4.7619,13.36,4.4
INV-1258,B,Mandalay,Member,Male,Electronic accessories,44.2,3,6.63,139.23,02/19/2019,14:23,Cash,132.6,4.7619,6.63,9.7
INV-1259,B,Mandalay,Normal,Female,Home and lifestyle,78.52,2,7.85,164.89,01/17/2019,10:11,Ewallet,157.04,4.7619,7.85,7.3
INV-1260,B,Mandalay,Normal,Female,Health and beauty,12.36,6,3.71,77.87,03/12/2019,10:38,Cash,74.16,4.7619,3.71,5.8
INV-1261,B,Mandalay,Member,Female,Health and beauty,75.24,9,33.86,711.02,02/01/2019,18:33,Cash,677.16,4.7619,33.86,4.8
INV-1262,B,Mandalay,Normal,Female,Home and lifestyle,54.38,2,5.44,114.2,01/22/2019,15:17,Credit card,108.76,4.7619,5.44,8.7
INV-1263,B,Mandalay,Normal,Male,Home and lifestyle,94.98,8,37.99,797.83,03/18/2019,18:12,Cash,759.84,4.7619,37.99,5.8
INV-1264,B,Mandalay,Normal,Male,Home and lifestyle,85.75,7,30.01,630.26,02/12/2019,16:21,Credit card,600.25,4.7619,30.01,5.9
INV-1265,C,Naypyitaw,Normal,Male,Electronic accessories,53.11,3,7.97,167.3,02/20/2019,14:18,Credit card,159.33,4.7619,7.97,6.3
INV-1266,B,Mandalay,Member,Male,Home and lifestyle,20.25,10,10.12,212.62,01/26/2019,18:34,Ewallet,202.5,4.7619,10.12,6.8
INV-1267,C,Naypyitaw,Normal,Female,Electronic accessories,49.46,5,12.37,259.67,03/30/2019,10:52,Cash,247.3,4.7619,12.37,7.8
INV-1268,A,Yangon,Normal,Female,Home and lifestyle,69.28,7,24.25,509.21,02/18/2019,10:28,Ewallet,484.96,4.7619,24.25,7.0
INV-1269,C,Naypyitaw,Member,Male,Sports and travel,58.93,6,17.68,371.26,03/31/2019,21:34,Cash,353.58,4.7619,17.68,7.9
INV-1270,B,Mandalay,Normal,Female,Electronic accessories,68.23,1,3.41,71.64,03/14/2019,19:43,Credit card,68.23,4.7619,3.41,4.6
INV-1271,A,Yangon,Member,Female,Home and lifestyle,29.98,9,13.49,283.31,03/13/2019,18:44,Credit card,269.82,4.7619,13.49,6.3
INV-1272,C,Naypyitaw,Member,Female,Food and beverages,72.14,3,10.82,227.24,02/14/2019,09:30,Credit card,216.42,4.7619,10.82,9.5
INV-1273,A,Yangon,Normal,Male,Health and beauty,84.82,3,12.72,267.18,02/14/2019,13:21,Ewallet,254.46,4.7619,12.72,6.9
INV-1274,B,Mandalay,Member,Male,Health and beauty,49.43,8,19.77,415.21,02/10/2019,10:19,Cash,395.44,4.7619,19.77,9.1
INV-1275,C,Naypyitaw,Member,Female,Health and beauty,70.94,3,10.64,223.46,02/01/2019,17:11,Ewallet,212.82,4.7619,10.64,6.6
INV-1276,B,Mandalay,Normal,Female,Electronic accessories,81.8,3,12.27,257.67,01/24/2019,19:42,Cash,245.4,4.7619,12.27,8.4
INV-1277,A,Yangon,Member,Female,Sports and travel,63.3,7,22.16,465.26,01/01/2019,20:13,Ewallet,443.1,4.7619,22.16,8.9
INV-1278,A,Yangon,Member,Female,Food and beverages,19.16,9,8.62,181.06,01/24/2019,14:20,Cash,172.44,4.7619,8.62,5.6
INV-1279,B,Mandalay,Normal,Male,Food and beverages,96.93,6,29.08,610.66,03/18/2019,15:39,Credit card,581.58,4.7619,29.08,6.1
INV-1280,B,Mandalay,Member,Female,Food and beverages,25.53,5,6.38,134.03,03/20/2019,18:05,Cash,127.65,4.7619,6.38,5.4
INV-1281,A,Yangon,Member,Female,Electronic accessories,43.6,3,6.54,137.34,03/07/2019,15:26,Credit card,130.8,4.7619,6.54,5.1
INV-1282,C,Naypyitaw,Normal,Male,Food and beverages,72.41,3,10.86,228.09,03/13/2019,11:31,Cash,217.23,4.7619,10.86,5.9
INV-1283,B,Mandalay,Member,Female,Food and beverages,14.83,6,4.45,93.43,01/02/2019,16:08,Ewallet,88.98,4.7619,4.45,7.0
INV-1284,B,Mandalay,Member,Male,Sports and travel,71.62,7,25.07,526.41,02/26/2019,16:10,Cash,501.34,4.7619,25.07,5.8
INV-1285,B,Mandalay,Normal,Male,Electronic accessories,58.38,3,8.76,183.9,02/28/2019,18:47,Ewallet,175.14,4.7619,8.76,4.7
INV-1286,C,Naypyitaw,Normal,Male,Home and lifestyle,58.78,1,2.94,61.72,02/26/2019,17:13,Ewallet,58.78,4.7619,2.94,9.0
INV-1287,A,Yangon,Member,Female,Home and lifestyle,88.73,1,4.44,93.17,02/27/2019,13:22,Cash,88.73,4.7619,4.44,8.7
INV-1288,A,Yangon,Normal,Male,Electronic accessories,82.96,10,41.48,871.08,03/30/2019,14:55,Ewallet,829.6,4.7619,41.48,4.8
INV-1289,A,Yangon,Member,Female,Electronic accessories,82.49,10,41.25,866.15,02/14/2019,17:17,Ewallet,824.9,4.7619,41.25,5.8
INV-1290,C,Naypyitaw,Normal,Male,Home and lifestyle,95.72,9,43.07,904.55,03/28/2019,10:08,Credit card,861.48,4.7619,43.07,9.2
INV-1291,A,Yangon,Member,Female,Fashion accessories,87.95,4,17.59,369.39,01/19/2019,20:20,Credit card,351.8,4.7619,17.59,4.9
INV-1292,C,Naypyitaw,Member,Female,Home and lifestyle,66.5,7,23.28,488.78,02/27/2019,10:40,Ewallet,465.5,4.7619,23.28,8.5
INV-1293,C,Naypyitaw,Member,Female,Home and lifestyle,50.92,8,20.37,427.73,02/11/2019,18:00,Ewallet,407.36,4.7619,20.37,8.0
INV-1294,B,Mandalay,Member,Female,Health and beauty,81.61,7,28.56,599.83,01/28/2019,15:52,Credit card,571.27,4.7619,28.56,5.9
INV-1295,B,Mandalay,Normal,Male,Home and lifestyle,59.26,3,8.89,186.67,03/14/2019,16:50,Cash,177.78,4.7619,8.89,4.6
INV-1296,B,Mandalay,Normal,Male,Health and beauty,21.18,3,3.18,66.72,02/26/2019,16:00,Ewallet,63.54,4.7619,3.18,9.5
INV-1297,C,Naypyitaw,Normal,Male,Home and lifestyle,24.31,5,6.08,127.63,01/12/2019,19:23,Credit card,121.55,4.7619,6.08,8.0
INV-1298,C,Naypyitaw,Normal,Male,Electronic accessories,14.66,5,3.67,76.97,03/31/2019,21:14,Ewallet,73.3,4.7619,3.67,4.6
INV-1299,A,Yangon,Normal,Male,Sports and travel,17.01,10,8.51,178.61,01/29/2019,17:43,Cash,170.1,4.7619,8.51,8.2
INV-1300,A,Yangon,Member,Male,Sports and travel,72.46,8,28.98,608.66,01/10/2019,12:24,Cash,579.68,4.7619,28.98,5.9
